[
  {
    "id": "2e92d5ea-3647-4d68-ad2d-34ea410d1fa9",
    "data": [
      {
        "text": "Hi",
        "userDefined": false
      }
    ],
    "isTemplate": false,
    "count": 0,
    "updated": 1527862299
  },
  {
    "id": "0d706ca0-4cd8-42bc-89a2-9417e7fb583e",
    "data": [
      {
        "text": "What\u0027s up",
        "userDefined": false
      }
    ],
    "isTemplate": false,
    "count": 0,
    "updated": 1527862299
  },
  {
    "id": "df7d9647-83ea-4c2b-b9e5-5a2200560735",
    "data": [
      {
        "text": "Hello",
        "userDefined": false
      }
    ],
    "isTemplate": false,
    "count": 0,
    "updated": 1527862299
  },
  {
    "id": "db77573d-f798-4639-a26f-2bbf91efa401",
    "data": [
      {
        "text": "Good morning",
        "userDefined": false
      }
    ],
    "isTemplate": false,
    "count": 0,
    "updated": 1527862299
  }
]