[
  {
    "id": "bec9f0b6-d085-4bee-977e-780051bf7cf8",
    "data": [
      {
        "text": "log me out",
        "userDefined": false
      }
    ],
    "isTemplate": false,
    "count": 0,
    "updated": 1534780628
  },
  {
    "id": "edf30237-ea9d-4cde-8f81-9ddbe2e658b4",
    "data": [
      {
        "text": "remove my user data",
        "userDefined": false
      }
    ],
    "isTemplate": false,
    "count": 0,
    "updated": 1534780628
  },
  {
    "id": "2a75a124-0d32-4b8b-ada3-5d7b3e806747",
    "data": [
      {
        "text": "forget me",
        "userDefined": false
      }
    ],
    "isTemplate": false,
    "count": 0,
    "updated": 1534780628
  },
  {
    "id": "6017e61a-3da4-49a9-84f5-2edb5853d50b",
    "data": [
      {
        "text": "log out",
        "userDefined": false
      }
    ],
    "isTemplate": false,
    "count": 0,
    "updated": 1534780628
  }
]