[
  {
    "id": "805b3e44-41f9-41c1-a891-134acee71976",
    "data": [
      {
        "text": "use the demonstration server",
        "userDefined": false
      }
    ],
    "isTemplate": false,
    "count": 0,
    "updated": 1534519452
  },
  {
    "id": "3fb53289-6428-4f4a-baca-71b78e80f2db",
    "data": [
      {
        "text": "login to demo ",
        "userDefined": false
      },
      {
        "text": "server",
        "meta": "@sys.ignore",
        "userDefined": true
      }
    ],
    "isTemplate": false,
    "count": 0,
    "updated": 1534519452
  },
  {
    "id": "4901b141-a711-48e4-bc7e-181da9f4d2d9",
    "data": [
      {
        "text": "use the demo content",
        "userDefined": false
      }
    ],
    "isTemplate": false,
    "count": 0,
    "updated": 1534519452
  }
]