[
  {
    "id": "2f0fa326-b220-412d-8db4-5884d60a5790",
    "data": [
      {
        "text": "search the word ",
        "userDefined": false
      },
      {
        "text": "dog",
        "alias": "any",
        "meta": "@sys.any",
        "userDefined": true
      }
    ],
    "isTemplate": false,
    "count": 0,
    "updated": 1527870083
  },
  {
    "id": "d164b81e-af32-4c2b-954b-ea019525c447",
    "data": [
      {
        "text": "Find documents with ",
        "userDefined": false
      },
      {
        "text": "cats",
        "alias": "any",
        "meta": "@sys.any",
        "userDefined": true
      }
    ],
    "isTemplate": false,
    "count": 0,
    "updated": 1527870083
  },
  {
    "id": "f68708e7-53ac-492e-be82-f92eed4929f0",
    "data": [
      {
        "text": "Find documents with the word ",
        "userDefined": false
      },
      {
        "text": "cheetah",
        "alias": "any",
        "meta": "@sys.any",
        "userDefined": true
      }
    ],
    "isTemplate": false,
    "count": 0,
    "updated": 1527870083
  },
  {
    "id": "0804a37b-2f9e-49e6-a39a-098e6fc055ca",
    "data": [
      {
        "text": "Find documents",
        "userDefined": false
      }
    ],
    "isTemplate": false,
    "count": 0,
    "updated": 1527868793
  },
  {
    "id": "c25215a1-46f3-48b8-b1da-441c57efb785",
    "data": [
      {
        "text": "Search for ",
        "userDefined": false
      },
      {
        "text": "cheetah",
        "alias": "any",
        "meta": "@sys.any",
        "userDefined": true
      }
    ],
    "isTemplate": false,
    "count": 0,
    "updated": 1527870083
  }
]