[
  {
    "id": "b44b4d53-c383-4f56-b3f1-984bbbce8113",
    "data": [
      {
        "text": "Share this with ",
        "userDefined": false
      },
      {
        "text": "aescaffre",
        "alias": "username",
        "meta": "@username",
        "userDefined": true
      }
    ],
    "isTemplate": false,
    "count": 0,
    "updated": 1534426728
  },
  {
    "id": "9a6c01ec-7cd3-4aed-bc64-047190647851",
    "data": [
      {
        "text": "Share this document",
        "userDefined": false
      }
    ],
    "isTemplate": false,
    "count": 0,
    "updated": 1534426728
  },
  {
    "id": "cece1469-36ef-4e1d-b410-e59011f6474b",
    "data": [
      {
        "text": "Share this",
        "userDefined": false
      }
    ],
    "isTemplate": false,
    "count": 0,
    "updated": 1534426728
  },
  {
    "id": "21e855de-0777-40ae-a413-25f971445ce6",
    "data": [
      {
        "text": "Share this with ",
        "userDefined": false
      },
      {
        "text": "username",
        "alias": "username",
        "meta": "@username",
        "userDefined": true
      }
    ],
    "isTemplate": false,
    "count": 0,
    "updated": 1534426728
  },
  {
    "id": "253a88fc-7323-47fa-87a6-82d0bf5eef90",
    "data": [
      {
        "text": "Send this doc to ",
        "userDefined": false
      },
      {
        "text": "yannis.achour@gmail.com",
        "alias": "email",
        "meta": "@sys.email",
        "userDefined": true
      }
    ],
    "isTemplate": false,
    "count": 0,
    "updated": 1534426728
  },
  {
    "id": "92133c9d-b844-4fa2-8b79-e0d942d5b2c1",
    "data": [
      {
        "text": "Share this document with ",
        "userDefined": false
      },
      {
        "text": "yannis.achour@gmail.com",
        "alias": "email",
        "meta": "@sys.email",
        "userDefined": true
      }
    ],
    "isTemplate": false,
    "count": 0,
    "updated": 1534426728
  }
]