[
  {
    "id": "8ef15e77-61d8-4666-90b2-d607eae41ed2",
    "data": [
      {
        "text": "Do I have tasks",
        "userDefined": false
      }
    ],
    "isTemplate": false,
    "count": 0,
    "updated": 1534851183
  },
  {
    "id": "5896e8ab-b1ce-422e-8543-f215419a8e5d",
    "data": [
      {
        "text": "show my tasks",
        "userDefined": false
      }
    ],
    "isTemplate": false,
    "count": 0,
    "updated": 1534851183
  },
  {
    "id": "50466b21-c44f-435c-b7e0-4adc72712faa",
    "data": [
      {
        "text": "what are my tasks",
        "userDefined": false
      }
    ],
    "isTemplate": false,
    "count": 0,
    "updated": 1534851183
  }
]